,"instance_id","count","filenames"
0,unikernel_50i,0,"[]"
1,unikernel_51i,0,"[]"
2,unikernel_52i,0,"[]"
3,unikernel_53i,0,"[]"
4,unikernel_54i,0,"[]"
5,unikernel_55i,0,"[]"
6,unikernel_56i,0,"[]"
7,unikernel_57i,0,"[]"
8,unikernel_58i,0,"[]"
9,unikernel_59i,0,"[]"
10,unikernel_60i,0,"[]"
11,unikernel_61i,0,"[]"
12,unikernel_62i,0,"[]"
13,unikernel_63i,0,"[]"
14,unikernel_64i,0,"[]"
15,unikernel_65i,0,"[]"
16,unikernel_66i,0,"[]"
17,unikernel_67i,0,"[]"
18,unikernel_68i,0,"[]"
19,unikernel_69i,0,"[]"
